ACAD,Quarter,School No,School Name,School Type,Offering,SSF Date,Orientation Status,Orientation Date,Meeting Id
Unknown,Apr-Jun,5151019,"Manav Rachna International School, Mohali",New School,Ei ASSET,2026-04-28T00:00:00.000,Pending,,
Unknown,Apr-Jun,3996676,Salipur Public School,New School,Ei CARES,2026-04-23T00:00:00.000,Pending,,
Unknown,Apr-Jun,5149560,Odisha Government School,New School,Ei Mindspark,2026-04-22T00:00:00.000,Pending,,
Unknown,Apr-Jun,5149720,"Dr. B.R. AMBEDKAR CM SHRI School, Kishanganj",New School,Ei ASSET,2026-04-22T00:00:00.000,Pending,,
Unknown,Apr-Jun,5149645,"Dr. B.R. AMBEDKAR CM SHRI School, Sector 18, Rohini",New School,Ei ASSET,2026-04-22T00:00:00.000,Pending,,
Unknown,Apr-Jun,5149433,"Dr. B.R. AMBEDKAR CM SHRI School, Kalkaji",New School,Ei ASSET,2026-04-22T00:00:00.000,Pending,,
Unknown,Apr-Jun,5147375,"Malik School, Kohat, Pakistan",New School,Ei ASSET,2026-04-20T00:00:00.000,Pending,,
Unknown,Apr-Jun,5112032,"Delhi Public School, Vikasnagar",New School,Ei ASSET,2026-04-18T00:00:00.000,Pending,,
Unknown,Apr-Jun,27561,The Home School,New School,Ei ASSET,2026-04-16T00:00:00.000,Pending,,
Unknown,Apr-Jun,5140478,Narula Public School,New School,Ei CARES,2026-04-16T00:00:00.000,Pending,,
Unknown,Apr-Jun,5146387,"KLE Smt. Malutai Shivaputra Shirakoli School, Sankeshwar",New School,Ei ASSET,2026-04-15T00:00:00.000,Pending,,
Unknown,Apr-Jun,5111427,"BAPS Swaminarayan Vidyamandir, Navsari",New School,Ei ASSET,2026-04-14T00:00:00.000,Pending,,
Unknown,Apr-Jun,2499678,Sadhbhavana World School,New School,Ei ASSET,2026-04-14T00:00:00.000,Pending,,
Unknown,Apr-Jun,912899,The Regency Public School,New School,Ei ASSET,2026-04-13T00:00:00.000,Pending,,
Unknown,Apr-Jun,5018522,Nalanda Vidyalaya,New School,Ei ASSET,2026-04-09T00:00:00.000,Pending,,
Unknown,Apr-Jun,5147512,Godrej Foundation,New School,Ei ASSET,2026-04-08T00:00:00.000,Pending,,
Unknown,Apr-Jun,5017986,Redwood International School,New School,Ei ASSET,2026-04-08T00:00:00.000,Pending,,
Unknown,Apr-Jun,1826430,"Devi Sushila Khedia DAV Public School,",New School,Ei Mindspark,2026-04-04T00:00:00.000,Pending,,
Unknown,Apr-Jun,3191158,"DAV Public School, Barrackpore",New School,Ei Mindspark,2026-04-04T00:00:00.000,Pending,,
Unknown,Apr-Jun,5138757,"DAV Model School, Sankarpur",New School,Ei Mindspark,2026-04-04T00:00:00.000,Pending,,
Unknown,Apr-Jun,2271943,"D A V Public School , Asansol",New School,Ei Mindspark,2026-04-04T00:00:00.000,Pending,,
Unknown,Apr-Jun,2271541,"D A V Model School ,Durgapur",New School,Ei Mindspark,2026-04-04T00:00:00.000,Pending,,
Unknown,Apr-Jun,5074740,"R.L.J.D.M.C. D.A.V. Public School, Raniganj",New School,Ei Mindspark,2026-04-04T00:00:00.000,Pending,,
Unknown,Apr-Jun,5139010,"DAV Public School, Dhadka",New School,Ei Mindspark,2026-04-04T00:00:00.000,Pending,,
Unknown,Apr-Jun,5138547,"DAV Public School, Haldia",New School,Ei Mindspark,2026-04-04T00:00:00.000,Pending,,
Unknown,Apr-Jun,5075344,"DAV Model School,KSTP, Asansol",New School,Ei Mindspark,2026-04-04T00:00:00.000,Pending,,
Unknown,Apr-Jun,5075423,MDB DAV Public School,New School,Ei Mindspark,2026-04-04T00:00:00.000,Pending,,
Unknown,Apr-Jun,5138020,"DAV Model School, IIT Kharagpur",New School,Ei Mindspark,2026-04-04T00:00:00.000,Pending,,
Unknown,Apr-Jun,320217,D A V Public School Midnapore,New School,Ei Mindspark,2026-04-04T00:00:00.000,Pending,,
Unknown,Apr-Jun,5146020,The Shri Ram Universal School - Pune,New School,Ei ASSET,2026-04-02T00:00:00.000,Pending,,
Unknown,Apr-Jun,5139974,Zebar School for Children - Noon Shift,New School,Ei ASSET,2026-04-02T00:00:00.000,Pending,,
Unknown,Apr-Jun,5145990,Campion International School,New School,Ei ASSET,2026-04-01T00:00:00.000,Pending,,
Unknown,Apr-Jun,5145990,Campion International School,New School,Ei Mindspark,2026-04-01T00:00:00.000,Pending,,
Unknown,Apr-Jun,5145990,Campion International School,New School,Ei CARES,2026-04-01T00:00:00.000,Pending,,
Unknown,Jan-Mar,5015074,"Shree Gattu Vidyalaya, CBSE",New School,Ei ASSET,2026-03-31T00:00:00.000,Pending,,
Unknown,Jan-Mar,3727222,"Baps Swaminarayan Vidyamandir,Adajan",New School,Ei ASSET,2026-03-31T00:00:00.000,Pending,,
Unknown,Jan-Mar,612644,Shri Swaminarayan Academy,New School,Ei ASSET,2026-03-31T00:00:00.000,Pending,,
Unknown,Jan-Mar,3091250,The Millennium School Surat,New School,Ei ASSET,2026-03-31T00:00:00.000,Pending,,
Unknown,Jan-Mar,5106830,The Mindcraft School,New School,Ei ASSET,2026-03-31T00:00:00.000,Pending,,
Unknown,Jan-Mar,5111791,The Radiant World School,New School,Ei ASSET,2026-03-31T00:00:00.000,Pending,,
Unknown,Jan-Mar,5145510,M.A.M Exel Public School,New School,Ei CARES,2026-03-30T00:00:00.000,Pending,,
Unknown,Jan-Mar,388277,Hariyana Vidyamandir,New School,Ei Mindspark,2026-03-30T00:00:00.000,Pending,,
Unknown,Jan-Mar,5145433,Akshara Vaagdevi International School,New School,Ei Mindspark,2026-03-30T00:00:00.000,Pending,,
Unknown,Jan-Mar,5039584,"Saraswati Vidhyamandir School, Jamnagar",New School,Ei ASSET,2026-03-28T00:00:00.000,Pending,,
Unknown,Jan-Mar,260054,Vrajbhoomi International School,New School,Ei ASSET,2026-03-27T00:00:00.000,Pending,,
Unknown,Jan-Mar,5137343,Wisdom School,New School,Ei ASSET,2026-03-27T00:00:00.000,Pending,,
Unknown,Jan-Mar,5144194,Vidya Bhawan Senior Secondary School Ramgiri,New School,Ei ASSET,2026-03-27T00:00:00.000,Pending,,
Unknown,Jan-Mar,5128949,Karnavati International School-CBSE,New School,Ei ASSET,2026-03-27T00:00:00.000,Pending,,
Unknown,Jan-Mar,1740931,Vidya Bhawan Public School,New School,Ei ASSET,2026-03-27T00:00:00.000,Pending,,
Unknown,Jan-Mar,3992038,Eklavya Global School,New School,Ei ASSET,2026-03-27T00:00:00.000,Pending,,
Unknown,Jan-Mar,5031698,New Life International School,New School,Ei ASSET,2026-03-27T00:00:00.000,Pending,,
Unknown,Jan-Mar,5142361,Lakshaya School,New School,Ei ASSET,2026-03-27T00:00:00.000,Pending,,
Unknown,Jan-Mar,5144029,Vidya Bhawan Senior Secondary School,New School,Ei ASSET,2026-03-27T00:00:00.000,Pending,,
Unknown,Jan-Mar,5144548,"Claremont International School, Ashta",New School,"Ei ASSET,Ei CARES",2026-03-25T00:00:00.000,Pending,,
Unknown,Jan-Mar,5110972,Vissanji Academy,New School,Ei ASSET,2026-03-25T00:00:00.000,Pending,,
Unknown,Jan-Mar,5139276,"Pallavi International School, Pocharam (CAIE)",New School,Ei Mindspark,2026-03-25T00:00:00.000,Pending,,
Unknown,Jan-Mar,5137966,"Pallavi International School, Pocharam",New School,Ei Mindspark,2026-03-25T00:00:00.000,Pending,,
Unknown,Jan-Mar,5060863,Vidya Bhawan Society,New School,Ei ASSET,2026-03-24T00:00:00.000,Pending,,
Unknown,Jan-Mar,2474591,"Krishna Public School, Dunda",New School,Ei Mindspark,2026-03-23T00:00:00.000,Pending,,
Unknown,Jan-Mar,5074421,The Vega School,New School,Ei ASSET,2026-03-21T00:00:00.000,Pending,,
Unknown,Jan-Mar,5137855,"BAPS Swaminarayan Vidyamandir,Valsad",New School,Ei ASSET,2026-03-19T00:00:00.000,Pending,,
Unknown,Jan-Mar,5142211,"St. Joseph's International School, Hisar",New School,Ei CARES,2026-03-19T00:00:00.000,Pending,,
Unknown,Jan-Mar,5142028,Edison G Agoram,New School,Ei Mindspark,2026-03-18T00:00:00.000,Pending,,
Unknown,Jan-Mar,5142028,Edison G Agoram,New School,Ei CARES,2026-03-18T00:00:00.000,Pending,,
Unknown,Jan-Mar,3339084,Nirmal Vidhyapeeth,New School,Ei CARES,2026-03-18T00:00:00.000,Pending,,
Unknown,Jan-Mar,199955,Rose Manor International School,New School,Ei Mindspark,2026-03-12T00:00:00.000,Pending,,
Unknown,Jan-Mar,5128331,East Point School,New School,Ei CARES,2026-03-11T00:00:00.000,Pending,,
Unknown,Jan-Mar,3206686,Kerala Public School,New School,Ei ASSET,2026-03-11T00:00:00.000,Pending,,
Unknown,Jan-Mar,1884049,Vidya Vihar Residential School,New School,Ei Mindspark,2026-03-11T00:00:00.000,Pending,,
Unknown,Jan-Mar,5116712,"K.E. Carmel School, Suri",New School,Ei CARES,2026-03-11T00:00:00.000,Pending,,
Unknown,Jan-Mar,199955,Rose Manor International School,New School,Ei CARES,2026-03-11T00:00:00.000,Pending,,
Unknown,Jan-Mar,5138364,"Pallavi International School, Bachupally",New School,Ei Mindspark,2026-03-10T00:00:00.000,Pending,,
Unknown,Jan-Mar,4054921,"Pallavi Internationl School, Keesara",New School,Ei Mindspark,2026-03-10T00:00:00.000,Pending,,
Unknown,Jan-Mar,5118624,Jain Public School JP Nagar,New School,Ei CARES,2026-03-10T00:00:00.000,Pending,,
Unknown,Jan-Mar,5136788,Ruh Continuum School,New School,Ei ASSET,2026-03-09T00:00:00.000,Pending,,
Unknown,Jan-Mar,5136172,Prayash Vidya Mandir - Jajpur,New School,Ei Mindspark,2026-03-09T00:00:00.000,Pending,,
Unknown,Jan-Mar,2401378,"Mount Carmel School, Baghmugalia",New School,Ei CARES,2026-03-08T00:00:00.000,Pending,,
Unknown,Jan-Mar,276791,Modern High school,New School,Ei Mindspark,2026-03-07T00:00:00.000,Pending,,
Unknown,Jan-Mar,3631447,"Krishna Public School, Tulssi",New School,Ei Mindspark,2026-03-07T00:00:00.000,Pending,,
Unknown,Jan-Mar,5137343,Wisdom School,New School,Ei Mindspark,2026-03-06T00:00:00.000,Pending,,
Unknown,Jan-Mar,454513,"The Orchid School, Pune",New School,Ei ASSET,2026-03-04T00:00:00.000,Pending,,
Unknown,Jan-Mar,3997196,Shastra School,New School,Ei CARES,2026-03-02T00:00:00.000,Pending,,
Unknown,Jan-Mar,3999434,The New Green Field Public Academy,New School,Ei CARES,2026-03-02T00:00:00.000,Pending,,
Unknown,Jan-Mar,5104349,Trinity Public School,New School,Ei Mindspark,2026-03-02T00:00:00.000,Pending,,
Unknown,Jan-Mar,3672833,The Academy School,New School,"Ei ASSET,Ei CARES,Ei Mindspark",2026-02-27T00:00:00.000,Pending,,
Unknown,Jan-Mar,5115455,St.Teresa's School Bolpur,New School,Ei CARES,2026-02-26T00:00:00.000,Pending,,
Unknown,Jan-Mar,3465547,PRG World School,New School,Ei ASSET,2026-02-25T00:00:00.000,Pending,,
Unknown,Jan-Mar,5136033,Montfort MHSS,New School,Ei Mindspark,2026-02-25T00:00:00.000,Pending,,
Unknown,Jan-Mar,1027451,Firayalal Public School,New School,Ei Mindspark,2026-02-21T00:00:00.000,Pending,,
Unknown,Jan-Mar,582924,Trivandrum International School,New School,Ei ASSET,2026-02-20T00:00:00.000,Pending,,
Unknown,Jan-Mar,3817615,"Angels Valley School, Rajpura",New School,"Ei CARES,Ei Mindspark",2026-02-17T00:00:00.000,Pending,,
Unknown,Jan-Mar,677287,St. Karen's Collegiate School,New School,Ei ASSET,2026-02-17T00:00:00.000,Pending,,
Unknown,Jan-Mar,1556044,St. Karen's Montessori School,New School,Ei ASSET,2026-02-17T00:00:00.000,Pending,,
Unknown,Jan-Mar,3998514,St. Karen's Secondary School,New School,Ei ASSET,2026-02-17T00:00:00.000,Pending,,
Unknown,Jan-Mar,55823,St. Karen's High School,New School,Ei ASSET,2026-02-17T00:00:00.000,Pending,,
Unknown,Jan-Mar,3221470,St. Karen's Primary School,New School,Ei ASSET,2026-02-17T00:00:00.000,Pending,,
Unknown,Jan-Mar,5133264,"St. Joseph’s International School, Sirsa",New School,Ei CARES,2026-02-14T00:00:00.000,Pending,,
Unknown,Jan-Mar,3166222,Ies Public School,New School,Ei Mindspark,2026-02-12T00:00:00.000,Pending,,
Unknown,Jan-Mar,5007603,Genesis international School,New School,Ei Mindspark,2026-02-11T00:00:00.000,Pending,,
Unknown,Jan-Mar,5106830,The Mindcraft School,New School,Ei Mindspark,2026-02-10T00:00:00.000,Pending,,
Unknown,Jan-Mar,3150853,Burdwan Model School,New School,Ei CARES,2026-02-10T00:00:00.000,Pending,,
Unknown,Jan-Mar,5129696,Vasantiben and Chandubhai Patel English School,New School,Ei CARES,2026-02-09T00:00:00.000,Pending,,
Chaitanya Kolluri,Jan-Mar,5018195,SNS Gurugram,New School,Ei ASSET,2026-02-05T00:00:00.000,Pending,,
Unknown,Jan-Mar,900959,lions calcutta greater vidya mandir school,New School,Ei CARES,2026-02-04T00:00:00.000,Pending,,
Unknown,Jan-Mar,5112032,"Delhi Public School, Vikasnagar",New School,Ei CARES,2026-02-04T00:00:00.000,Pending,,
Unknown,Jan-Mar,5112032,"Delhi Public School, Vikasnagar",New School,Ei Mindspark,2026-02-03T00:00:00.000,Pending,,
Unknown,Jan-Mar,3993835,"Kunskapsskolan, Lucknow",New School,Ei ASSET,2026-02-02T00:00:00.000,Pending,,
Unknown,Jan-Mar,2389077,Excel Public School,New School,Ei ASSET,2026-02-02T00:00:00.000,Pending,,
Unknown,Jan-Mar,5107387,"Brainz Edu World School, Meerut",New School,Ei Mindspark,2026-01-27T00:00:00.000,Pending,,
Unknown,Jan-Mar,3994403,Manav Rachna International School,New School,Ei ASSET,2026-01-19T00:00:00.000,Pending,,
Unknown,Jan-Mar,3492595,Manav Rachna International School,New School,Ei ASSET,2026-01-19T00:00:00.000,Pending,,
Unknown,Jan-Mar,3994404,Manav Rachna International School,New School,Ei ASSET,2026-01-19T00:00:00.000,Pending,,
Unknown,Jan-Mar,3994402,Manav Rachna International School,New School,Ei ASSET,2026-01-19T00:00:00.000,Pending,,
Unknown,Jan-Mar,5110316,Red Rose Convent School,New School,Ei Mindspark,2026-01-16T00:00:00.000,Pending,,
Unknown,Jan-Mar,5018591,Aster Public School-KP1,New School,Ei Mindspark,2026-01-16T00:00:00.000,Pending,,
Unknown,Jan-Mar,3454135,Aster Public School-Noida Extension,New School,Ei Mindspark,2026-01-15T00:00:00.000,Pending,,
Unknown,Jan-Mar,5111929,St. Mary's School (English Medium),New School,Ei Mindspark,2026-01-13T00:00:00.000,Pending,,
Unknown,Jan-Mar,64811,Mother'S Public School- Unit 1,New School,Ei ASSET,2026-01-13T00:00:00.000,Pending,,
Unknown,Jan-Mar,64811,Mother'S Public School- Unit 1,New School,Ei CARES,2026-01-13T00:00:00.000,Pending,,
Unknown,Jan-Mar,5097475,"Shivpuri Public School, Ashoknagar",New School,Ei CARES,2026-01-13T00:00:00.000,Pending,,
Demo,Jan-Mar,5111313,The Ultimate AI Quiz,New School,Ei ASSET,2026-01-09T00:00:00.000,Pending,,
Unknown,Jan-Mar,2403448,Manav Rachna International School,New School,Ei ASSET,2026-01-08T00:00:00.000,Pending,,
Aruna Unnikrishnan,Jan-Mar,5029152,Sishya School Hosur,New School,"Ei ASSET,Ei CARES,Ei Mindspark",2026-01-08T00:00:00.000,Pending,,
Unknown,Jan-Mar,5018663,D Y Patil International School,New School,Ei CARES,2026-01-06T00:00:00.000,Pending,,
Rana Sumit Kumar Singh,Jan-Mar,452934,Vimala Convent School,New School,Ei CARES,2026-01-06T00:00:00.000,Completed,2025-09-06T09:45:00.000,51788000296136424
Unknown,Oct-Dec,3742933,Prestige Public School,New School,Ei CARES,2025-12-30T00:00:00.000,Pending,,
Unknown,Oct-Dec,3994834,Mother Mary's School,New School,"Ei ASSET,Ei CARES",2025-12-29T00:00:00.000,Pending,,
Jasper Jessie,Oct-Dec,5070551,"Dr.B.R.Ambedkar Girl'S Residential School(Sc),Madhure",New School,Ei ASSET,2025-12-29T00:00:00.000,Pending,,
Unknown,Oct-Dec,3895415,St. Paul's English Medium School,New School,Ei CARES,2025-12-29T00:00:00.000,Pending,,
Demo,Oct-Dec,5109369,Gujarat Tender 1,New School,Ei Mindspark,2025-12-29T00:00:00.000,Pending,,
Jasper Jessie,Oct-Dec,5070237,"Kittu Rani Chennamma Residential School(U)(Sc),Telagarahalli",New School,Ei ASSET,2025-12-29T00:00:00.000,Pending,,
Demo,Oct-Dec,5109464,Gujarat Tender 2,New School,Ei Mindspark,2025-12-29T00:00:00.000,Pending,,
Unknown,Oct-Dec,4000118,"Witty International School, Bhilwara",New School,Ei ASSET,2025-12-26T00:00:00.000,Pending,,
Unknown,Oct-Dec,5108173,Vikaasa Jubilee School,New School,Ei ASSET,2025-12-26T00:00:00.000,Pending,,
Unnati Sharma,Oct-Dec,3149549,Global Indian International School,New School,Ei ASSET,2025-12-26T00:00:00.000,Pending,,
Unknown,Oct-Dec,4062318,"Global Indian International School, Bannerghatta",New School,Ei ASSET,2025-12-26T00:00:00.000,Pending,,
Unknown,Oct-Dec,3031830,Global Indian International School,New School,Ei ASSET,2025-12-26T00:00:00.000,Pending,,
Aarti Iyer,Oct-Dec,3889453,"Global Indian International School, Hadapsar",New School,Ei ASSET,2025-12-26T00:00:00.000,Pending,,
Unknown,Oct-Dec,2509933,Global Indian International School,New School,Ei ASSET,2025-12-26T00:00:00.000,Pending,,
Unknown,Oct-Dec,3409378,Shraddha Children^s Academy,New School,Ei CARES,2025-12-26T00:00:00.000,Pending,,
Aarti Iyer,Oct-Dec,5017050,Global Indian International School,New School,Ei ASSET,2025-12-26T00:00:00.000,Pending,,
Unknown,Oct-Dec,5108368,Vikaasa Heritage School,New School,Ei ASSET,2025-12-26T00:00:00.000,Pending,,
Unknown,Oct-Dec,4000123,"Witty International School, Udaipur",New School,Ei ASSET,2025-12-26T00:00:00.000,Pending,,
Unknown,Oct-Dec,5105154,Shraddha Children^s Academy,New School,Ei CARES,2025-12-26T00:00:00.000,Pending,,
Aarti Iyer,Oct-Dec,3588889,Global Indian International School Balewadi,New School,Ei ASSET,2025-12-26T00:00:00.000,Completed,2026-01-06T14:30:00.000,51788000305796500
Unknown,Oct-Dec,3638758,Jain Public School,New School,Ei CARES,2025-12-26T00:00:00.000,Pending,,
Unknown,Oct-Dec,5108240,Vikaasa Progressive school,New School,Ei ASSET,2025-12-26T00:00:00.000,Pending,,
Unknown,Oct-Dec,5108463,Vikaasa Public school,New School,Ei ASSET,2025-12-26T00:00:00.000,Pending,,
Unknown,Oct-Dec,3460641,Connaissance Edu Service Pvt. Ltd.,New School,Ei Mindspark,2025-12-21T00:00:00.000,Pending,,
Unknown,Oct-Dec,3996253,Ridge School,New School,Ei ASSET,2025-12-19T00:00:00.000,Pending,,
Jasper Jessie,Oct-Dec,5018337,Anthony Claret School,New School,Ei CARES,2025-12-18T00:00:00.000,Pending,,
Unknown,Oct-Dec,5107149,Stratton World School,New School,Ei Mindspark,2025-12-17T00:00:00.000,Pending,,
Unknown,Oct-Dec,3405627,Sankalp Senior Secondary School,New School,Ei CARES,2025-12-17T00:00:00.000,Pending,,
Unknown,Oct-Dec,5107149,Stratton World School,New School,Ei CARES,2025-12-17T00:00:00.000,Pending,,
Unknown,Oct-Dec,5107064,Manas International School,New School,Ei Mindspark,2025-12-16T00:00:00.000,Pending,,
Unknown,Oct-Dec,4129415,Manas International Play and Primary School,New School,Ei Mindspark,2025-12-16T00:00:00.000,Completed,2026-01-07T09:00:00.000,51788000304323540
Unknown,Oct-Dec,1244461,JKG International School,New School,Ei Mindspark,2025-12-13T00:00:00.000,Pending,,
Gargi Ghosh,Oct-Dec,5018035,"Apeejay School, Haldia",New School,Ei Mindspark,2025-12-13T00:00:00.000,Pending,,
Aarti Iyer,Oct-Dec,4007320,"Motilal Talera English Medium School, Pune",New School,Ei CARES,2025-12-12T00:00:00.000,Pending,,
Unknown,Oct-Dec,5104191,Fortuna Shine School,New School,Ei CARES,2025-12-11T00:00:00.000,Pending,,
Unknown,Oct-Dec,5104191,Fortuna Shine School,New School,Ei Mindspark,2025-12-11T00:00:00.000,Pending,,
Unknown,Oct-Dec,1091054,Sai Grace Academy International,New School,Ei CARES,2025-12-10T00:00:00.000,Pending,,
Demo,Oct-Dec,5059762,Project RISE,New School,Ei ASSET,2025-12-02T00:00:00.000,Pending,,
Unknown,Oct-Dec,3224798,Mount Columbus School,New School,Ei Mindspark,2025-11-29T00:00:00.000,Pending,,
Lopamudra Das,Oct-Dec,5063250,Fun Learn Day Boarding School,New School,Ei ASSET,2025-11-28T00:00:00.000,Pending,,
Unknown,Oct-Dec,5094121,Yashasvi International School,New School,Ei CARES,2025-11-26T00:00:00.000,Pending,,
Bhavishya Bansal,Oct-Dec,3857260,"La Montessori School, Dunkhra",New School,Ei CARES,2025-11-25T00:00:00.000,Pending,,
Bhavishya Bansal,Oct-Dec,3857130,"La Montessori School, Ner Chowk",New School,Ei CARES,2025-11-25T00:00:00.000,Pending,,
Shruti Chauhan,Oct-Dec,5097252,St. Agnes Loreto Day School,New School,Ei ASSET,2025-11-25T00:00:00.000,Pending,,
Bhavishya Bansal,Oct-Dec,2508568,"La Montessori School, Kelheli",New School,Ei CARES,2025-11-25T00:00:00.000,Pending,,
Bhavishya Bansal,Oct-Dec,1173541,"La Montessori School, Dhalpur",New School,Ei CARES,2025-11-25T00:00:00.000,Pending,,
Jasper Jessie,Oct-Dec,2827739,Vriksha Global School,New School,Ei CARES,2025-11-24T00:00:00.000,Pending,,
Jasper Jessie,Oct-Dec,2827739,Vriksha Global School,New School,Ei Mindspark,2025-11-20T00:00:00.000,Pending,,
Demo,Oct-Dec,3209912,EI School (Internal),New School,Ei ASSET,2025-11-19T00:00:00.000,Pending,,
Aarti Iyer,Oct-Dec,5099788,"Elpro International School, Hinjewadi",New School,Ei Mindspark,2025-11-18T00:00:00.000,Completed,2025-12-10T14:30:00.000,51788000302295200
Tanya Marina Brooks,Oct-Dec,1011788,Vivekanand School,New School,Ei ASSET,2025-11-18T00:00:00.000,Completed,2025-12-03T14:00:09.000,51788000301821096
Jasper Jessie,Oct-Dec,2470230,The Samhita Academy,New School,Ei Mindspark,2025-11-13T00:00:00.000,Pending,,
Sudhi Malhotra,Oct-Dec,1324784,Tulsi Public School,New School,Ei CARES,2025-11-11T00:00:00.000,Pending,,
Aarti Iyer,Oct-Dec,5099788,"Elpro International School, Hinjewadi",New School,Ei ASSET,2025-11-08T00:00:00.000,Completed,2025-11-29T09:00:00.000,51788000301866136
Aarti Iyer,Oct-Dec,5000918,"Elpro International School, Chinchwad",New School,Ei ASSET,2025-11-08T00:00:00.000,Completed,2025-11-29T09:00:00.000,51788000301872110
Aarti Iyer,Oct-Dec,5000918,"Elpro International School, Chinchwad",New School,Ei CARES,2025-11-08T00:00:00.000,Pending,,
Aditya Kumar,Oct-Dec,5018578,Vidhya Vishwalaya,New School,Ei CARES,2025-11-07T00:00:00.000,Pending,,
Manavi Khandelwal,Oct-Dec,5053374,Sunflower Vedic School,New School,Ei CARES,2025-11-07T00:00:00.000,Pending,,
Unknown,Oct-Dec,3495234,Sant Atulanand Residential Academy (SARA),New School,Ei CARES,2025-11-07T00:00:00.000,Pending,,
Aarti Iyer,Oct-Dec,5094396,"Vision Coaching Classes, Baner",New School,Ei Mindspark,2025-11-05T00:00:00.000,Completed,2025-11-27T23:00:00.000,51788000301521304
Unassigned,Oct-Dec,5098498,"Jawahar Navodaya Vidyalaya, Nagpur",New School,Ei ASSET,2025-11-04T00:00:00.000,Pending,,
Unassigned,Oct-Dec,5098347,"Jawahar Navodaya Vidyalaya, Kolhapur",New School,Ei ASSET,2025-11-04T00:00:00.000,Pending,,
Demo,Oct-Dec,5017402,"Jawahar Navodaya Vidyalaya, Wardha",New School,Ei ASSET,2025-11-04T00:00:00.000,Pending,,
Unassigned,Oct-Dec,5098665,"Jawahar Navodaya Vidayalaya, Bharuch",New School,Ei ASSET,2025-11-04T00:00:00.000,Pending,,
Unassigned,Oct-Dec,5098538,PM Shri Jawahar Navodaya Vidyalaya,New School,Ei ASSET,2025-11-04T00:00:00.000,Pending,,
Gargi Ghosh,Oct-Dec,5054739,Swami Janaki Das Vidyapith,New School,Ei CARES,2025-10-24T00:00:00.000,Pending,,
Unknown,Oct-Dec,5078653,G R International Public School,New School,Ei Mindspark,2025-10-23T00:00:00.000,Pending,,
Pooja Kapoor,Oct-Dec,5018473,The Heritage School Rampurhat,New School,Ei CARES,2025-10-17T00:00:00.000,Pending,,
Unknown,Oct-Dec,5074217,St Paul's school Rampurhat,New School,Ei CARES,2025-10-13T00:00:00.000,Pending,,
Jasper Jessie,Oct-Dec,5070482,"Kittu Rani Chennamma Residential School(Sc),Thyamagundalu",New School,"Ei ASSET,Ei CARES,Ei Mindspark",2025-10-09T00:00:00.000,Completed,2025-12-15T12:57:28.000,51788000302520170
Jasper Jessie,Oct-Dec,5070312,"Kittu Rani Chennamma Residential School(Sc),Channaraypatna",New School,"Ei ASSET,Ei CARES,Ei Mindspark",2025-10-09T00:00:00.000,Completed,2025-12-22T16:17:00.000,51788000303104696
Chaitanya Kolluri,Oct-Dec,5077577,Edu Girls KREIS,New School,"Ei ASSET,Ei CARES,Ei Mindspark",2025-10-08T00:00:00.000,Pending,,
Gargi Ghosh,Oct-Dec,5018035,"Apeejay School, Haldia",New School,Ei ASSET,2025-10-06T00:00:00.000,Completed,2025-11-17T14:00:00.000,51788000300602300
Lopamudra Das,Oct-Dec,251230,"Apeejay School, Salt Lake Branch",New School,Ei Mindspark,2025-10-06T00:00:00.000,Pending,,
Rana Sumit Kumar Singh,Oct-Dec,4041890,"Apeejay School, Bhubaneswar",New School,Ei Mindspark,2025-10-06T00:00:00.000,Completed,2025-10-18T13:00:51.000,51788000298740264
Gargi Ghosh,Oct-Dec,255648,Apeejay School- Parkstreet,New School,Ei Mindspark,2025-10-06T00:00:00.000,Completed,2025-10-14T13:30:00.000,51788000298408824
Lopamudra Das,Oct-Dec,251230,"Apeejay School, Salt Lake Branch",New School,"Ei ASSET,Ei Mindspark",2025-10-06T00:00:00.000,Completed,2025-11-14T14:45:00.000,51788000300543140
Gargi Ghosh,Oct-Dec,255648,Apeejay School- Parkstreet,New School,"Ei ASSET,Ei Mindspark",2025-10-06T00:00:00.000,Pending,,
Gargi Ghosh,Oct-Dec,255648,Apeejay School- Parkstreet,New School,Ei ASSET,2025-10-06T00:00:00.000,Pending,,
Rana Sumit Kumar Singh,Oct-Dec,4041890,"Apeejay School, Bhubaneswar",New School,Ei ASSET,2025-10-06T00:00:00.000,Completed,2025-11-18T17:00:35.000,51788000300604860
Lopamudra Das,Oct-Dec,251230,"Apeejay School, Salt Lake Branch",New School,Ei ASSET,2025-10-06T00:00:00.000,Completed,2025-11-14T14:45:00.000,51788000300543140
Rana Sumit Kumar Singh,Oct-Dec,4041890,"Apeejay School, Bhubaneswar",New School,"Ei ASSET,Ei Mindspark",2025-10-06T00:00:00.000,Completed,2025-11-18T17:00:35.000,51788000300604860
Sudhi Malhotra,Aug-Sep,3402446,"Mind Tree School, Kharar",New School,Ei ASSET,2025-09-26T00:00:00.000,Pending,,
Gargi Ghosh,Aug-Sep,5018211,"St Joseph's Convent School, Laghata",New School,Ei CARES,2025-09-26T00:00:00.000,Pending,,
Lopamudra Das,Aug-Sep,5064415,Fun Learn Day Boarding School ( Edu Girls),New School,Ei CARES,2025-09-26T00:00:00.000,Pending,,
Tanya Marina Brooks,Aug-Sep,201355,East Point School,New School,Ei ASSET,2025-09-26T00:00:00.000,Pending,,
Rohit Kumar,Aug-Sep,2053321,Kaanger Valley Academy,New School,Ei ASSET,2025-09-24T00:00:00.000,Completed,2025-10-07T05:30:00.000,51788000298129120
Manavi Khandelwal,Aug-Sep,5068265,Harvest Spring Leaf School,New School,Ei CARES,2025-09-23T00:00:00.000,Pending,,
Rana Sumit Kumar Singh,Aug-Sep,1881318,Gyan Jyoti Awasiya Vidyalaya,New School,Ei Mindspark,2025-09-20T00:00:00.000,Completed,2025-10-10T09:08:08.000,51788000298236380
Pooja Kapoor,Aug-Sep,3996943,Satyanarayan Academy,New School,Ei ASSET,2025-09-20T00:00:00.000,Completed,2025-12-02T15:00:00.000,51788000301712136
Rana Sumit Kumar Singh,Aug-Sep,5015638,KnowledgeGram International School,New School,Ei CARES,2025-09-19T00:00:00.000,Pending,,
Pooja Kapoor,Aug-Sep,5018584,Bodoland Pioneer Public School,New School,Ei Mindspark,2025-09-18T00:00:00.000,Pending,,
Lopamudra Das,Aug-Sep,214620,"Delhi Public School, Ruby Park",New School,Ei ASSET,2025-09-08T00:00:00.000,Pending,,
Aarti Iyer,Aug-Sep,5069315,"SVKM School, Dhule",New School,Ei ASSET,2025-09-04T00:00:00.000,Completed,2025-11-20T05:30:00.000,51788000301518470
Aditya Kumar,Aug-Sep,3144641,Smart Modern School,New School,Ei ASSET,2025-09-04T00:00:00.000,Completed,2025-11-22T11:00:00.000,51788000300923900
Unknown,Aug-Sep,5068092,"Delhi Public School, Bijnor",New School,Ei CARES,2025-09-03T00:00:00.000,Pending,,
Saloni Shah,Aug-Sep,463877,The Blossom Sunderbhai Thackersey English High School,New School,Ei CARES,2025-08-29T00:00:00.000,Completed,2025-10-03T13:00:00.000,51788000298010530
Rana Sumit Kumar Singh,Aug-Sep,5018392,Sri Ramakrushna Vidya Mandir,New School,Ei CARES,2025-08-28T00:00:00.000,Pending,,
Lopamudra Das,Aug-Sep,5063250,Fun Learn Day Boarding School,New School,"Ei ASSET,Ei CARES,Ei Mindspark",2025-08-26T00:00:00.000,Pending,,
Ishita Jethwa,Aug-Sep,343343,AMNS International School,New School,Ei Mindspark,2025-08-23T00:00:00.000,Completed,2025-09-01T12:54:27.000,51788000295873180
Chaitanya Kolluri,Aug-Sep,5018196,SNS Noida,New School,Ei ASSET,2025-08-18T00:00:00.000,Pending,,
Chaitanya Kolluri,Aug-Sep,5018197,SNS Faridabad,New School,Ei ASSET,2025-08-18T00:00:00.000,Pending,,
Anushka Gupta,Aug-Sep,5063726,"Army Public School, Jaisalmer",New School,Ei Mindspark,2025-08-12T00:00:00.000,Pending,,
Lopamudra Das,Aug-Sep,5064415,Fun Learn Day Boarding School ( Edu Girls),New School,"Ei ASSET,Ei CARES,Ei Mindspark",2025-08-06T00:00:00.000,Pending,,
Gargi Ghosh,Aug-Sep,5049594,Santipur Public School,New School,Ei CARES,2025-08-05T00:00:00.000,Pending,,
Rohit Kumar,Other,5017849,Saraswati Vidya Mandir Senior Secondary School,New School,Ei CARES,2025-07-28T00:00:00.000,Pending,,
Manavi Khandelwal,Other,5017985,Birla Open Minds International School,New School,Ei Mindspark,2025-07-28T00:00:00.000,Completed,2025-08-12T14:06:51.000,51788000294727990
Saloni Shah,Other,5052054,CNMS,New School,Ei ASSET,2025-07-28T00:00:00.000,Completed,2025-09-10T15:30:00.000,51788000296584184
Anushka Gupta,Other,856520,Birla Public School,New School,Ei Mindspark,2025-07-18T00:00:00.000,Pending,,
Demo,Other,5061098,Student Led Shiksha Demo School,New School,Ei Mindspark,2025-07-16T00:00:00.000,Pending,,
Saloni Shah,Other,2450639,Shree Mumbadevi Vidya Mandir CISCE,New School,Ei CARES,2025-07-16T00:00:00.000,Pending,,
Tanya Marina Brooks,Other,3033,Bluebells School International,New School,Ei ASSET,2025-07-15T00:00:00.000,Completed,2025-08-02T09:00:14.000,51788000294154150
Shruti Chauhan,Other,5018520,"Vidyakunj International School, Shajapur",New School,Ei Mindspark,2025-07-11T00:00:00.000,Pending,,
Chaitanya Kolluri,Other,5018239,Delhi Public School Society,New School,Ei ASSET,2025-07-08T00:00:00.000,Pending,,
Aditya Kumar,Other,3784799,Santhanam Vidhyalaya,New School,Ei ASSET,2025-07-04T00:00:00.000,Pending,,
Vaishali Yadav,Other,5055276,"St. Mary's Convent School, Mariam Nagar",New School,Ei CARES,2025-07-04T00:00:00.000,Pending,,
Ishita Jethwa,Apr-Jun,398948,Dalmia Public School,New School,Ei CARES,2025-06-30T00:00:00.000,Pending,,
Manavi Khandelwal,Apr-Jun,5018488,Nandha Gokulam Life School,New School,"Ei CARES,Ei Mindspark",2025-06-30T00:00:00.000,Pending,,
Tanya Marina Brooks,Apr-Jun,3302960,Tula's International School,New School,Ei ASSET,2025-06-24T00:00:00.000,Pending,,
Demo,Apr-Jun,5058879,AP PAL Project Offline Demo,New School,Ei Mindspark,2025-06-24T00:00:00.000,Pending,,
Demo,Apr-Jun,5058936,AP PAL Project Online Demo,New School,Ei Mindspark,2025-06-24T00:00:00.000,Pending,,
Unnati Sharma,Apr-Jun,5051627,Anubhav School,New School,"Ei ASSET,Ei Mindspark",2025-06-23T00:00:00.000,Completed,2025-11-22T10:12:00.000,51788000300961600
Manavi Khandelwal,Apr-Jun,5057852,Kothakota Pupils High School,New School,Ei CARES,2025-06-21T00:00:00.000,Pending,,
Manavi Khandelwal,Apr-Jun,5054276,Kothakota Pupils High School Shadnagar,New School,Ei CARES,2025-06-21T00:00:00.000,Pending,,
Manavi Khandelwal,Apr-Jun,5057744,Kothakota Pupils High School,New School,Ei CARES,2025-06-21T00:00:00.000,Pending,,
Lopamudra Das,Apr-Jun,5002738,Himali Boarding School,New School,Ei CARES,2025-06-17T00:00:00.000,Completed,2025-08-06T13:30:00.000,51788000294347760
Gargi Ghosh,Apr-Jun,5055085,"Shemford Futuristic School, Dhatrigram",New School,Ei CARES,2025-06-16T00:00:00.000,Pending,,
Pooja Kapoor,Apr-Jun,700517,Disari Public School,New School,Ei Mindspark,2025-06-13T00:00:00.000,Pending,,
Unassigned,Apr-Jun,3814193,Vistara World School,New School,Ei CARES,2025-06-10T00:00:00.000,Pending,,
Saloni Shah,Apr-Jun,5044593,Young Ladies High School,New School,Ei CARES,2025-06-09T00:00:00.000,Pending,,
Lopamudra Das,Apr-Jun,5045565,St. Anthony’s School (Girls),New School,Ei CARES,2025-06-06T00:00:00.000,Pending,,
Vineeth T V,Apr-Jun,3316968,The Sobha Academy,New School,"Ei ASSET,Ei CARES",2025-06-05T00:00:00.000,Pending,,
Unassigned,Apr-Jun,2133172,Adani Vidya Mandir,New School,Ei Teacher Training,2025-06-05T00:00:00.000,Pending,,
Lopamudra Das,Apr-Jun,46864,St. Anthony^S School,New School,Ei CARES,2025-06-04T00:00:00.000,Completed,2025-08-06T10:00:00.000,51788000294347560
Sudhi Malhotra,Apr-Jun,541153,Dikshant International School,New School,Ei ASSET,2025-05-29T00:00:00.000,Pending,,
Sudhi Malhotra,Apr-Jun,3472699,Dikshant Global School,New School,Ei ASSET,2025-05-29T00:00:00.000,Pending,,
Aarti Iyer,Apr-Jun,3997396,"Shri A.B. Patil English School, Sangli",New School,Ei CARES,2025-05-28T00:00:00.000,Pending,,
Manavi Khandelwal,Apr-Jun,5053374,Sunflower Vedic School,New School,"Ei CARES,Ei Mindspark",2025-05-27T00:00:00.000,Pending,,
Vineeth T V,Apr-Jun,5016446,SBOA Global School,New School,Ei Mindspark,2025-05-26T00:00:00.000,Completed,2025-08-29T09:30:00.000,51788000295752120
Jasper Jessie,Apr-Jun,5018545,Jss Shri Manjunatheshwara Central School (Cbse),New School,Ei CARES,2025-05-20T00:00:00.000,Pending,,
Anushka Gupta,Apr-Jun,3757528,Delhi Public School - Gautam Buddh Nagar,New School,Ei ASSET,2025-05-16T00:00:00.000,Pending,,
Aarti Iyer,Apr-Jun,5042891,"GG International School, Tathawade",New School,Ei ASSET,2025-05-14T00:00:00.000,Completed,2025-11-22T12:00:00.000,51788000300960490
Jasper Jessie,Apr-Jun,5046169,MEGA International School,New School,Ei ASSET,2025-05-09T00:00:00.000,Pending,,
Rohit Kumar,Apr-Jun,5017849,Saraswati Vidya Mandir Senior Secondary School,New School,Ei Mindspark,2025-05-08T00:00:00.000,Pending,,
Bhavishya Bansal,Apr-Jun,4104626,"Delhi Public School, Rajpura",New School,Ei Mindspark,2025-05-08T00:00:00.000,Pending,,
Gargi Ghosh,Apr-Jun,2378636,"Delhi Public School, N T P C, Farakka",New School,Ei CARES,2025-05-08T00:00:00.000,Pending,,
Demo,Apr-Jun,5048772,Student-led QA Testing,New School,Ei Mindspark,2025-05-06T00:00:00.000,Pending,,
Manavi Khandelwal,Apr-Jun,5017808,Cedar Valley International School,New School,Ei Mindspark,2025-05-05T00:00:00.000,Pending,,
Pooja Kapoor,Apr-Jun,700517,Disari Public School,New School,Ei CARES,2025-05-05T00:00:00.000,Pending,,
Lopamudra Das,Apr-Jun,214868,"Loreto Convent, Shillong",New School,Ei ASSET,2025-05-03T00:00:00.000,Pending,,
Unassigned,Apr-Jun,203718,"Presidency School, Mangalore",New School,Ei ASSET,2025-04-30T00:00:00.000,Pending,,
Unassigned,Apr-Jun,5623,"St. Paul's English School, J. P. Nagar",New School,Ei ASSET,2025-04-30T00:00:00.000,Pending,,
Unassigned,Apr-Jun,2379583,"Presidency School, Bangalore East",New School,Ei ASSET,2025-04-30T00:00:00.000,Pending,,
Unassigned,Apr-Jun,559960,"Presidency School, Bangalore South",New School,Ei ASSET,2025-04-30T00:00:00.000,Pending,,
Unassigned,Apr-Jun,172149,"Presidency School, R.T. Nagar",New School,Ei ASSET,2025-04-30T00:00:00.000,Pending,,
Unassigned,Apr-Jun,5045366,"Presidency School, Banashankari",New School,Ei ASSET,2025-04-30T00:00:00.000,Pending,,
Unassigned,Apr-Jun,3153272,"Presidency School, Bangalore North",New School,Ei ASSET,2025-04-30T00:00:00.000,Pending,,
Unassigned,Apr-Jun,185694,"Presidency School, Nandini Layout",New School,Ei ASSET,2025-04-30T00:00:00.000,Pending,,
Rana Sumit Kumar Singh,Apr-Jun,3565966,Griffins International School,New School,Ei Mindspark,2025-04-29T00:00:00.000,Pending,,
Bhavishya Bansal,Apr-Jun,3999184,Takshila,New School,Ei CARES,2025-04-28T00:00:00.000,Pending,,
Unassigned,Apr-Jun,5045836,CFCL Education Foundation,New School,Ei ASSET,2025-04-28T00:00:00.000,Pending,,
Aditya Kumar,Apr-Jun,3992445,Golden Gates Vidhyashram,New School,Ei Mindspark,2025-04-26T00:00:00.000,Pending,,
Aditya Kumar,Apr-Jun,5044289,Goldengates global school,New School,Ei Mindspark,2025-04-26T00:00:00.000,Pending,,
Rohit Kumar,Apr-Jun,3469794,Lotus Valley School,New School,"Ei ASSET,Ei CARES",2025-04-26T00:00:00.000,Completed,2025-09-20T05:30:00.000,51788000297165270
Saloni Shah,Apr-Jun,5017865,Priyadarshani Pune Police Public School,New School,Ei ASSET,2025-04-25T00:00:00.000,Pending,,
Saloni Shah,Apr-Jun,5015855,"Priyadarshani School & Jr College, Indrayaninagar",New School,Ei ASSET,2025-04-25T00:00:00.000,Pending,,
Saloni Shah,Apr-Jun,5015866,"Priyadarshani School, Bhosari",New School,Ei ASSET,2025-04-25T00:00:00.000,Pending,,
Saloni Shah,Apr-Jun,4052744,Priyadarshani School and Junior college Moshi,New School,Ei ASSET,2025-04-21T00:00:00.000,Pending,,
Rana Sumit Kumar Singh,Apr-Jun,5018144,IEM Public School Ashram Building,New School,Ei ASSET,2025-04-19T00:00:00.000,Pending,,
Rana Sumit Kumar Singh,Apr-Jun,5018144,IEM Public School Ashram Building,New School,Ei Mindspark,2025-04-19T00:00:00.000,Pending,,
Rana Sumit Kumar Singh,Apr-Jun,5018144,IEM Public School Ashram Building,New School,Ei CARES,2025-04-19T00:00:00.000,Pending,,
Vaishali Yadav,Apr-Jun,5016190,"Seth Anandram Jaipuria School, Greater Noida",New School,Ei ASSET,2025-04-17T00:00:00.000,Pending,,
Tanya Marina Brooks,Apr-Jun,5042511,Lotus Petal Sr. Sec. School,New School,Ei ASSET,2025-04-17T00:00:00.000,Pending,,
Unnati Sharma,Apr-Jun,5035523,KMGIS School,New School,Ei Mindspark,2025-04-16T00:00:00.000,Pending,,
Hetal Parmar,Apr-Jun,96888,J.B. Petit High School,New School,Ei CARES,2025-04-15T00:00:00.000,Pending,,
Rana Sumit Kumar Singh,Apr-Jun,3218539,St. Xavier’s High School- Keonjhar,New School,Ei CARES,2025-04-12T00:00:00.000,Pending,,
Rohit Kumar,Apr-Jun,1512812,Kamla Nehru Higher Secondary School,New School,Ei Mindspark,2025-04-11T00:00:00.000,Pending,,
Tanya Marina Brooks,Apr-Jun,950643,Kalka Public School,New School,Ei CARES,2025-04-09T00:00:00.000,Pending,,
Gargi Ghosh,Apr-Jun,4165785,Don Bosco School Kalyani,New School,Ei CARES,2025-04-08T00:00:00.000,Pending,,
Sudhi Malhotra,Apr-Jun,621568,Our Lady Of The Snows High School,New School,Ei CARES,2025-04-05T00:00:00.000,Pending,,
Demo,Apr-Jun,5039655,Demo prepost testing national,New School,Ei Mindspark,2025-04-04T00:00:00.000,Pending,,
Vineeth T V,Apr-Jun,5032729,Fathima Central Senior Secondary School,New School,Ei CARES,2025-04-03T00:00:00.000,Completed,2025-08-28T15:03:44.000,51788000295530890
Rohit Kumar,Apr-Jun,1512812,Kamla Nehru Higher Secondary School,New School,Ei CARES,2025-04-01T00:00:00.000,Pending,,
Tanya Marina Brooks,Jan-Mar,5018499,Gurukul Global School,New School,Ei CARES,2025-03-29T00:00:00.000,Pending,,
Rana Sumit Kumar Singh,Jan-Mar,3992708,Gyanjyoti Kanchanben Rasiklal Vidyalaya,New School,Ei CARES,2025-03-29T00:00:00.000,Completed,2025-08-20T12:00:00.000,51788000295182600
Ishita Jethwa,Jan-Mar,241346,Army Public School,New School,Ei Mindspark,2025-03-28T00:00:00.000,Pending,,
Shruti Chauhan,Jan-Mar,3791464,"Amneev Vision School , Etawah",New School,Ei CARES,2025-03-28T00:00:00.000,Pending,,
Rana Sumit Kumar Singh,Jan-Mar,5040879,Holy Mary Academy,New School,Ei CARES,2025-03-28T00:00:00.000,Pending,,
Ishita Jethwa,Jan-Mar,5040517,"ARMY PUBLIC SCHOOL, Dhrangadhra",New School,Ei Mindspark,2025-03-28T00:00:00.000,Pending,,
Tanya Marina Brooks,Jan-Mar,3301477,The Tons Bridge,New School,Ei CARES,2025-03-27T00:00:00.000,Pending,,
Tanya Marina Brooks,Jan-Mar,5018499,Gurukul Global School,New School,Ei ASSET,2025-03-27T00:00:00.000,Pending,,
Shruti Chauhan,Jan-Mar,3583679,"Billabong High International School, Indore",New School,Ei Mindspark,2025-03-26T00:00:00.000,Pending,,
Tanya Marina Brooks,Jan-Mar,3253126,"Manav Rachna International School - Charmwood, Faridabad",New School,Ei ASSET,2025-03-26T00:00:00.000,Pending,,
Sudhi Malhotra,Jan-Mar,5039845,Chandigarh Baptist Senior Secondary School,New School,Ei ASSET,2025-03-26T00:00:00.000,Pending,,
Rana Sumit Kumar Singh,Jan-Mar,3989841,Aditya Birla Public School- Rayagada,New School,Ei CARES,2025-03-26T00:00:00.000,Pending,,
Sudhi Malhotra,Jan-Mar,5039845,Chandigarh Baptist Senior Secondary School,New School,Ei Mindspark,2025-03-26T00:00:00.000,Pending,,
Pooja Kapoor,Jan-Mar,5018473,The Heritage School Rampurhat,New School,Ei Mindspark,2025-03-25T00:00:00.000,Pending,,
Unnati Sharma,Jan-Mar,3386433,Takshashila International School,New School,Ei CARES,2025-03-22T00:00:00.000,Pending,,
Rana Sumit Kumar Singh,Jan-Mar,5038577,St. Mary's High School,New School,Ei CARES,2025-03-22T00:00:00.000,Pending,,
Pooja Kapoor,Jan-Mar,5016478,SPK Jain Futuristic Academy,New School,Ei Mindspark,2025-03-21T00:00:00.000,Pending,,
Vineeth T V,Jan-Mar,188264,Sir Sivaswami Kalalaya Senior Secondary School,New School,Ei ASSET,2025-03-20T00:00:00.000,Pending,,
Aditya Kumar,Jan-Mar,3795896,Thangam World School,New School,Ei Mindspark,2025-03-20T00:00:00.000,Pending,,
Anushka Gupta,Jan-Mar,5018445,Holy Angels' School,New School,Ei CARES,2025-03-19T00:00:00.000,Pending,,
Sudhi Malhotra,Jan-Mar,5037382,SBS Model High School,New School,Ei CARES,2025-03-19T00:00:00.000,Pending,,
Ishita Jethwa,Jan-Mar,5023577,Paras English Medium and Kishor Excellency school,New School,Ei CARES,2025-03-19T00:00:00.000,Pending,,
Pooja Kapoor,Jan-Mar,1110834,Mother's International Academy,New School,Ei CARES,2025-03-18T00:00:00.000,Pending,,
Pooja Kapoor,Jan-Mar,3328193,The Ramakrishna Vivekananad Vidya Mandir,New School,"Ei CARES,Ei Mindspark",2025-03-18T00:00:00.000,Completed,2025-12-23T19:20:00.000,51788000303261180
Demo,Jan-Mar,5036528,Demo for Prepost Testing,New School,Ei Mindspark,2025-03-18T00:00:00.000,Pending,,
Rohit Kumar,Jan-Mar,2037085,Satya Prakash Public School,New School,Ei CARES,2025-03-17T00:00:00.000,Pending,,
Rohit Kumar,Jan-Mar,5018655,Shivpuri Public School,New School,Ei CARES,2025-03-13T00:00:00.000,Pending,,
Rohit Kumar,Jan-Mar,3316343,Scholars Academy,New School,Ei CARES,2025-03-13T00:00:00.000,Pending,,
Aditya Kumar,Jan-Mar,5018578,Vidhya Vishwalaya,New School,"Ei ASSET,Ei CARES",2025-03-08T00:00:00.000,Pending,,
Aarti Iyer,Jan-Mar,5017448,Delhi Public School Hinjawadi Pune,New School,Ei ASSET,2025-03-07T00:00:00.000,Completed,2025-11-24T17:00:00.000,51788000301477280
Aditya Kumar,Jan-Mar,5018506,AADHAV PUBLIC SCHOOL,New School,Ei Mindspark,2025-03-07T00:00:00.000,Pending,,
Pooja Kapoor,Jan-Mar,3996980,Scholars Abode School,New School,Ei CARES,2025-03-06T00:00:00.000,Completed,2025-12-24T15:00:00.000,51788000303438000
Aditya Kumar,Jan-Mar,3187344,Yagappa International Residential School,New School,Ei Mindspark,2025-03-05T00:00:00.000,Pending,,
Demo,Jan-Mar,5029955,Internal Mindspark Demo School,New School,Ei Mindspark,2025-03-05T00:00:00.000,Pending,,
Pooja Kapoor,Jan-Mar,3442227,Assam Heights Public School,New School,Ei Mindspark,2025-03-05T00:00:00.000,Pending,,
Aditya Kumar,Jan-Mar,5018506,AADHAV PUBLIC SCHOOL,New School,Ei CARES,2025-03-05T00:00:00.000,Pending,,
Tanya Marina Brooks,Jan-Mar,641697,LT. Atul Katarya Memorial School,New School,Ei CARES,2025-03-04T00:00:00.000,Pending,,
Ishita Jethwa,Jan-Mar,3395252,Vedaant Multipurpose School,New School,Ei CARES,2025-03-03T00:00:00.000,Pending,,
Tanya Marina Brooks,Jan-Mar,201355,East Point School,New School,Ei Mindspark,2025-03-03T00:00:00.000,Pending,,
Aditya Kumar,Jan-Mar,5018668,RSK International,New School,Ei CARES,2025-03-01T00:00:00.000,Pending,,
Saloni Shah,Jan-Mar,3589593,Lokmanya Tilak International School,New School,Ei ASSET,2025-03-01T00:00:00.000,Pending,,
Manavi Khandelwal,Jan-Mar,3915751,Springfields international school,New School,Ei ASSET,2025-02-28T00:00:00.000,Pending,,
Shruti Chauhan,Jan-Mar,1114832,Spring Wood Senior Secondary School,New School,Ei CARES,2025-02-28T00:00:00.000,Pending,,
Rana Sumit Kumar Singh,Jan-Mar,1155556,Nml Kerala Public School,New School,Ei CARES,2025-02-27T00:00:00.000,Pending,,
Saloni Shah,Jan-Mar,5026233,St Mary's (Cambridge Board),New School,Ei Mindspark,2025-02-27T00:00:00.000,Pending,,
Rana Sumit Kumar Singh,Jan-Mar,1155119,Kerala Public School_ Burmamines,New School,Ei CARES,2025-02-27T00:00:00.000,Pending,,
Aditya Kumar,Jan-Mar,5024546,SOWDAMBIKA MOUNT LITERA ZEE SCHOOL,New School,Ei CARES,2025-02-26T00:00:00.000,Pending,,
Aditya Kumar,Jan-Mar,5018668,RSK International,New School,Ei Mindspark,2025-02-26T00:00:00.000,Pending,,
Ishita Jethwa,Jan-Mar,28486,Anand Vidya Vihar,New School,Ei CARES,2025-02-24T00:00:00.000,Pending,,
Tanya Marina Brooks,Jan-Mar,253271,Mount St. Mary'S School,New School,"Ei ASSET,Ei CARES",2025-02-24T00:00:00.000,Pending,,
Pooja Kapoor,Jan-Mar,119874,M P Birla Foundation Higher Secondary School,New School,Ei Mindspark,2025-02-21T00:00:00.000,Pending,,
Aditya Kumar,Jan-Mar,5018471,Mahatma Global Gatway Cambridge International Education,New School,Ei Mindspark,2025-02-20T00:00:00.000,Pending,,
Demo,Jan-Mar,5022171,Aakash Institute Pilot 02,New School,Ei Mindspark,2025-02-19T00:00:00.000,Pending,,
Demo,Jan-Mar,5022078,Aakash Institute Pilot 01,New School,Ei Mindspark,2025-02-19T00:00:00.000,Pending,,
Bhavishya Bansal,Jan-Mar,3997080,Seven Star Senior Secondary Public School,New School,Ei CARES,2025-02-18T00:00:00.000,Pending,,
Preeti Kapoor,Jan-Mar,516721,Fravashi International Academy,New School,Ei ASSET,2025-02-13T00:00:00.000,Pending,,
Rohit Kumar,Jan-Mar,3303311,Delhi Public School jagdalpur,New School,Ei ASSET,2025-02-13T00:00:00.000,Completed,2025-09-25T21:00:39.000,51788000297561570
Rohit Kumar,Jan-Mar,4082390,The Oriental School,New School,"Ei ASSET,Ei CARES",2025-02-13T00:00:00.000,Pending,,
Gargi Ghosh,Jan-Mar,3460346,Silver Point School,New School,Ei Mindspark,2025-02-13T00:00:00.000,Pending,,
Manavi Khandelwal,Jan-Mar,4000011,Viswabharathi Wisewoods (Em) High School,New School,Ei CARES,2025-02-08T00:00:00.000,Pending,,
Jasper Jessie,Jan-Mar,2459310,Sri Aham Aathma Vidyalaya,New School,Ei Mindspark,2025-02-07T00:00:00.000,Pending,,
Vaishali Yadav,Jan-Mar,1338674,Inspiration Sr Sec School,New School,Ei CARES,2025-02-05T00:00:00.000,Pending,,
Vaishali Yadav,Jan-Mar,3395953,BLM Sr. Secondary School,New School,Ei CARES,2025-02-05T00:00:00.000,Pending,,
Aditya Kumar,Jan-Mar,207818,Chettinad Vidya Mandir,New School,Ei ASSET,2025-01-31T00:00:00.000,Completed,2025-11-01T14:00:00.000,51788000299432880
Rana Sumit Kumar Singh,Jan-Mar,3565966,Griffins International School,New School,"Ei ASSET,Ei CARES",2025-01-31T00:00:00.000,Pending,,
Unassigned,Jan-Mar,5018218,AKAL University,New School,Ei Mindspark,2025-01-30T00:00:00.000,Pending,,
Demo,Jan-Mar,5018605,Demo testing AP2,New School,Ei Mindspark,2025-01-18T00:00:00.000,Pending,,
Demo,Jan-Mar,5018606,Demo testing AP1,New School,Ei Mindspark,2025-01-18T00:00:00.000,Pending,,
Vaishali Yadav,Oct-Dec,5018537,GRD International School,New School,Ei CARES,2024-12-30T00:00:00.000,Pending,,
Aruna Unnikrishnan,Oct-Dec,3168781,Global City International School,New School,Ei Mindspark,2024-12-26T00:00:00.000,Pending,,
Rohit Kumar,Oct-Dec,3970895,Jindal world School,New School,Ei Mindspark,2024-12-24T00:00:00.000,Pending,,
Aditya Kumar,Oct-Dec,5018430,KRS Krishnamal Ramasubbaiyer school,New School,Ei Mindspark,2024-12-21T00:00:00.000,Pending,,
Rana Sumit Kumar Singh,Oct-Dec,3992841,Hind Zinc Vidyalaya,New School,Ei CARES,2024-12-19T00:00:00.000,Pending,,
Gargi Ghosh,Oct-Dec,414020,St. Joseph's Convent,New School,Ei CARES,2024-12-17T00:00:00.000,Pending,,
Jasper Jessie,Oct-Dec,5018435,Khannur Vidyaniketan School,New School,Ei CARES,2024-12-17T00:00:00.000,Pending,,
Aditya Kumar,Oct-Dec,3856532,Sri National School,New School,Ei Mindspark,2024-12-16T00:00:00.000,Pending,,
Jasper Jessie,Oct-Dec,2530317,Green Valley English School,New School,Ei CARES,2024-12-13T00:00:00.000,Pending,,
Aarti Iyer,Oct-Dec,5003047,Sondara Gurukul,New School,Ei Mindspark,2024-12-13T00:00:00.000,Pending,,
Gargi Ghosh,Oct-Dec,5018247,St Joseph's Convent School Katwa,New School,Ei CARES,2024-12-13T00:00:00.000,Completed,2025-10-14T21:42:00.000,51788000298487010
Jasper Jessie,Oct-Dec,5018487,Green Valley English High School,New School,Ei CARES,2024-12-13T00:00:00.000,Pending,,
Gargi Ghosh,Oct-Dec,1940242,Vivekananda Mission School,New School,Ei Mindspark,2024-12-11T00:00:00.000,Pending,,
Shruti Chauhan,Oct-Dec,5018417,"NLK Academy, Bhawanipur, Mandhana",New School,Ei CARES,2024-12-08T00:00:00.000,Pending,,
Rana Sumit Kumar Singh,Oct-Dec,3514450,I D M Public School,New School,Ei CARES,2024-11-30T00:00:00.000,Completed,2025-11-06T11:00:00.000,51788000299913140
Bhavishya Bansal,Oct-Dec,3992830,"Him Academy Public School, Vikas Nagar",New School,Ei CARES,2024-11-29T00:00:00.000,Pending,,
Bhavishya Bansal,Oct-Dec,5016248,Him Academy Public School - Hira Nagar,New School,Ei CARES,2024-11-28T00:00:00.000,Pending,,
Aditya Kumar,Oct-Dec,5018453,Swami Matriculation Higher Secondary School,New School,"Ei CARES,Ei Mindspark",2024-11-27T00:00:00.000,Pending,,
Unnati Sharma,Oct-Dec,4050265,Green Valley International School,New School,Ei CARES,2024-11-20T00:00:00.000,Pending,,
Aruna Unnikrishnan,Oct-Dec,3168781,Global City International School,New School,Ei ASSET,2024-11-09T00:00:00.000,Pending,,
Rana Sumit Kumar Singh,Oct-Dec,4091040,Vyasanagar Public School,New School,Ei CARES,2024-11-07T00:00:00.000,Pending,,
Shruti Chauhan,Oct-Dec,3327620,The Vedansh International School,New School,Ei CARES,2024-11-07T00:00:00.000,Pending,,
Saloni Shah,Oct-Dec,5018396,"The Green Acres Academy, Kalyan",New School,Ei ASSET,2024-10-28T00:00:00.000,Pending,,
Saloni Shah,Oct-Dec,3838227,The Green Acres Academy- Mulund,New School,Ei ASSET,2024-10-28T00:00:00.000,Pending,,
Saloni Shah,Oct-Dec,2755127,The Green Acres Academy-Chembur,New School,Ei ASSET,2024-10-28T00:00:00.000,Pending,,
Manavi Khandelwal,Oct-Dec,4164567,Bellwether International School,New School,Ei Mindspark,2024-10-28T00:00:00.000,Pending,,
Sudhi Malhotra,Oct-Dec,5018319,The Magnet Public School,New School,Ei CARES,2024-10-27T00:00:00.000,Pending,,
Tanya Marina Brooks,Oct-Dec,2557342,Banyan Tree School,New School,Ei CARES,2024-10-16T00:00:00.000,Pending,,
Aditya Kumar,Oct-Dec,3078372,Blossom public school,New School,Ei CARES,2024-10-14T00:00:00.000,Pending,,
Saloni Shah,Oct-Dec,5018349,T B Desai Family Public Charitable Trust,New School,Ei ASSET,2024-10-09T00:00:00.000,Pending,,
Nithya Menon,Oct-Dec,5017813,Mother Theresa Memorial School,New School,"Ei ASSET,Ei CARES",2024-10-03T00:00:00.000,Pending,,
Shruti Chauhan,Aug-Sep,3777013,"Allegiance Academy, Kukshi",New School,Ei CARES,2024-09-30T00:00:00.000,Pending,,
Hetal Parmar,Aug-Sep,1035646,Swadhyay Bhavan School,New School,Ei CARES,2024-09-04T00:00:00.000,Pending,,
Sudhi Malhotra,Aug-Sep,1035545,Doon Valley Public School,New School,Ei CARES,2024-08-30T00:00:00.000,Pending,,
Pooja Kapoor,Aug-Sep,5018241,St Christopher Mission School,New School,Ei ASSET,2024-08-29T00:00:00.000,Completed,2025-12-04T10:00:00.000,51788000301939000
Rohit Kumar,Aug-Sep,3515636,Rungta Public School,New School,Ei CARES,2024-08-21T00:00:00.000,Pending,,
